-127,-127,-127,-39,-39,-127,-73,-72,-127,-72,-71,-74,-73,-127,-127,-127,-127,-127,-127,-127,-127,-127,-127,-127,-127,-127,-127,-127,-127,-127,-127,-127,-127,-127,-127,-127,-127,-127,-127,-127,-127,-127,-127,-127,-127,-127,-127,-127,-127,-127,-127,-127,-127,-127,-127,-127,-127,-127,-127,-127,-127,-127,-127,-127,-127,-127,-127,-127,-127,-127,-127,-127,-127,-127,-127,-127,-127,-127,-127,-127,-127,-127,-127,-127,-127,-127,-127,-127,-127,-127,-127,-127,-127,-127,-127,-127,-127,-127,-127,-127,-127,-127,-127,40
-127,-127,-127,-127,-127,-127,-127,-127,-127,-127,-127,-127,-127,-127,-127,-127,-127,-127,-58,-70,-69,-69,-58,-57,-127,-127,-70,-127,-127,-127,-127,-54,-127,-127,-127,-127,-127,-127,-127,-127,-127,-127,-127,-127,-127,-127,-127,-127,-54,-127,-127,-127,-127,-127,-127,-127,-127,-127,-55,-127,-75,-127,-127,-127,-127,-127,-127,-127,-127,-127,-127,-127,-127,-127,-127,-127,-127,-127,-127,-127,-127,-127,-127,-127,-127,-127,-127,-127,-127,-127,-127,-127,-127,-127,-127,-127,-127,-127,-127,-127,-127,-127,-127,18
-63,-63,-62,-38,-39,-38,-127,-127,-127,-127,-127,-127,-127,-127,-127,-127,-127,-127,-127,-127,-127,-127,-127,-127,-127,-127,-127,-127,-127,-127,-127,-127,-127,-127,-127,-127,-127,-127,-127,-127,-127,-127,-127,-127,-127,-127,-127,-127,-127,-127,-127,-127,-127,-127,-127,-127,-127,-127,-127,-127,-127,-127,-127,-127,-127,-127,-127,-127,-127,-127,-127,-127,-127,-127,-127,-127,-127,-127,-127,-127,-127,-127,-127,-127,-127,-127,-127,-127,-127,-127,-127,-127,-127,-127,-127,-127,-127,-127,-127,-127,-127,-127,-127,39
-127,-127,-127,-65,-63,-64,-127,-71,-127,-68,-70,-127,-127,-127,-127,-127,-127,-127,-62,-127,-127,-127,-61,-62,-127,-127,-127,-127,-127,-127,-127,-69,-127,-127,-127,-127,-127,-127,-127,-127,-127,-127,-127,-127,-127,-127,-127,-127,-69,-127,-127,-127,-127,-127,-127,-127,-127,-127,-127,-127,-127,-127,-127,-127,-127,-127,-127,-127,-127,-127,-127,-127,-127,-127,-127,-127,-127,-127,-127,-127,-127,-127,-127,-127,-127,-127,-127,-127,-127,-127,-127,-127,-127,-127,-127,-127,-127,-127,-127,-127,-127,-127,-127,6
-127,-127,-127,-127,-127,-127,-127,-58,-127,-57,-56,-127,-127,-127,-127,-127,-127,-127,-66,-127,-127,-127,-66,-68,-127,-127,-127,-127,-127,-127,-127,-73,-127,-127,-127,-127,-127,-127,-127,-127,-127,-127,-127,-127,-127,-127,-127,-127,-127,-127,-127,-127,-127,-127,-127,-75,-127,-127,-73,-127,-75,-127,-127,-127,-127,-127,-127,-127,-127,-127,-127,-127,-127,-127,-127,-127,-127,-127,-127,-127,-127,-127,-127,-127,-127,-127,-127,-127,-127,-127,-127,-127,-127,-127,-127,-127,-127,-127,-127,-127,-127,-127,-127,10
-59,-56,-56,-54,-53,-50,-70,-127,-127,-127,-127,-73,-72,-127,-127,-127,-127,-127,-127,-127,-127,-127,-127,-127,-127,-127,-127,-127,-127,-127,-76,-127,-127,-127,-127,-127,-127,-127,-127,-127,-127,-127,-127,-127,-127,-127,-127,-127,-127,-127,-127,-127,-127,-127,-127,-127,-127,-127,-127,-127,-127,-127,-127,-127,-127,-127,-127,-127,-127,-127,-127,-127,-127,-127,-127,-127,-127,-127,-127,-127,-127,-127,-127,-127,-127,-127,-127,-127,-127,-127,-127,-127,-127,-127,-127,-127,-127,-127,-127,-127,-127,-127,-127,33
-127,-127,-127,-127,-127,-127,-127,-127,-127,-127,-127,-127,-127,-127,-127,-127,-127,-127,-62,-127,-127,-127,-63,-63,-127,-127,-127,-127,-127,-127,-127,-58,-127,-127,-127,-127,-127,-127,-127,-127,-127,-127,-127,-127,-127,-127,-127,-127,-55,-127,-127,-127,-127,-127,-127,-73,-127,-127,-55,-127,-74,-76,-127,-127,-72,-127,-127,-127,-127,-127,-127,-127,-127,-127,-127,-127,-127,-127,-127,-127,-127,-76,-127,-127,-127,-127,-127,-127,-127,-127,-127,-127,-127,-127,-127,-127,-127,-127,-127,-127,-127,-127,-127,15
-127,-127,-127,-73,-127,-127,-127,-127,-127,-127,-127,-127,-127,-127,-127,-79,-127,-127,-70,-127,-127,-127,-70,-72,-127,-127,-127,-127,-127,-127,-127,-43,-127,-127,-127,-127,-127,-127,-127,-127,-127,-127,-127,-127,-127,-127,-127,-127,-43,-127,-127,-127,-127,-127,-127,-127,-127,-127,-43,-127,-127,-127,-127,-127,-127,-127,-127,-127,-127,-127,-127,-127,-127,-127,-127,-127,-127,-127,-127,-127,-127,-127,-127,-127,-127,-127,-127,-127,-127,-127,-127,-127,-127,-127,-127,-127,-127,-127,-127,-127,-127,-127,-127,19
-127,-127,-127,-64,-64,-59,-127,-64,-127,-67,-61,-127,-127,-127,-127,-127,-127,-127,-66,-127,-127,-127,-67,-66,-127,-127,-127,-127,-127,-127,-127,-127,-127,-127,-127,-127,-127,-127,-127,-127,-127,-127,-127,-127,-127,-127,-127,-127,-73,-127,-127,-127,-127,-127,-127,-127,-127,-127,-127,-127,-127,-127,-127,-127,-127,-127,-127,-127,-127,-127,-127,-127,-127,-127,-127,-127,-127,-127,-127,-127,-127,-127,-127,-127,-127,-127,-127,-127,-127,-127,-127,-127,-127,-127,-127,-127,-127,-127,-127,-127,-127,-127,-127,5
-127,-127,-127,-32,-32,-32,-72,-67,-127,-73,-67,-127,-127,-73,-127,-127,-127,-127,-127,-127,-127,-127,-127,-127,-127,-127,-127,-127,-127,-127,-127,-127,-127,-127,-127,-127,-127,-127,-127,-127,-127,-127,-127,-127,-127,-127,-127,-127,-127,-127,-127,-127,-127,-127,-127,-127,-127,-127,-127,-127,-127,-127,-127,-127,-127,-127,-127,-127,-127,-127,-127,-127,-127,-127,-127,-127,-127,-127,-127,-127,-127,-127,-127,-127,-127,-127,-127,-127,-127,-127,-127,-127,-127,-127,-127,-127,-127,-127,-127,-127,-127,-127,-127,39
-127,-127,-127,-68,-127,-69,-127,-54,-127,-127,-55,-127,-127,-127,-127,-127,-127,-127,-63,-127,-127,-127,-63,-62,-127,-127,-127,-127,-127,-127,-127,-127,-127,-127,-127,-127,-127,-127,-127,-127,-127,-127,-127,-127,-127,-127,-127,-127,-127,-127,-127,-127,-127,-127,-127,-127,-127,-127,-127,-127,-127,-127,-127,-127,-127,-127,-76,-76,-127,-127,-127,-127,-127,-127,-127,-127,-127,-127,-127,-127,-127,-127,-127,-127,-127,-127,-127,-127,-127,-127,-127,-127,-127,-127,-127,-127,-127,-127,-127,-127,-127,-127,-127,11
-127,-127,-127,-67,-69,-70,-127,-127,-127,-59,-59,-127,-127,-127,-127,-127,-127,-127,-66,-127,-127,-127,-66,-73,-127,-127,-127,-127,-127,-127,-127,-127,-127,-127,-127,-127,-127,-127,-127,-127,-127,-127,-127,-127,-127,-127,-127,-127,-70,-127,-127,-127,-127,-127,-127,-127,-127,-127,-71,-127,-127,-127,-127,-127,-127,-127,-127,-127,-127,-127,-127,-127,-127,-127,-127,-127,-127,-127,-127,-127,-127,-127,-127,-127,-127,-127,-127,-127,-127,-127,-127,-127,-127,-127,-127,-127,-127,-127,-127,-127,-127,-127,-127,8
-127,-127,-127,-127,-127,-127,-127,-127,-127,-127,-127,-127,-127,-127,-127,-127,-57,-127,-127,-127,-127,-127,-127,-127,-127,-127,-127,-127,-127,-127,-127,-66,-127,-127,-127,-127,-127,-127,-127,-127,-127,-127,-127,-127,-127,-127,-127,-127,-66,-127,-127,-127,-127,-127,-127,-127,-127,-127,-65,-127,-127,-127,-127,-127,-127,-127,-127,-127,-127,-127,-127,-127,-127,-127,-127,-127,-54,-55,-127,-127,-71,-127,-127,-127,-71,-71,-127,-127,-127,-127,-127,-127,-127,-127,-127,-127,-127,-127,-127,-127,-127,-127,-127,23
-64,-127,-65,-50,-49,-50,-127,-58,-127,-58,-57,-127,-127,-127,-127,-127,-127,-127,-127,-66,-66,-65,-127,-127,-127,-127,-127,-127,-127,-127,-127,-127,-127,-127,-127,-127,-127,-127,-127,-127,-127,-127,-127,-127,-127,-127,-127,-127,-127,-127,-127,-127,-127,-127,-127,-127,-127,-127,-127,-127,-127,-127,-127,-127,-127,-127,-127,-127,-127,-127,-127,-127,-127,-127,-127,-127,-127,-127,-127,-127,-127,-127,-127,-127,-127,-127,-127,-127,-127,-127,-127,-127,-127,-127,-127,-127,-127,-127,-127,-127,-127,-127,-127,1
-127,-52,-127,-32,-32,-32,-127,-72,-127,-73,-71,-127,-127,-127,-127,-127,-127,-127,-127,-127,-127,-127,-127,-127,-127,-127,-127,-127,-127,-127,-127,-127,-127,-127,-127,-127,-127,-127,-127,-127,-127,-127,-127,-127,-127,-127,-127,-127,-127,-127,-127,-127,-127,-127,-127,-127,-127,-127,-127,-127,-127,-127,-127,-127,-127,-127,-127,-127,-127,-127,-127,-127,-127,-127,-127,-127,-127,-127,-127,-127,-127,-127,-127,-127,-127,-127,-127,-127,-127,-127,-127,-127,-127,-127,-127,-127,-127,-127,-127,-127,-127,-127,-127,39
-74,-127,-127,-69,-127,-127,-127,-127,-54,-127,-127,-127,-127,-127,-127,-54,-45,-127,-127,-127,-127,-127,-127,-127,-127,-127,-127,-127,-127,-127,-127,-63,-127,-127,-127,-127,-127,-127,-127,-127,-127,-127,-127,-127,-127,-127,-127,-127,-63,-127,-127,-127,-127,-127,-127,-127,-127,-127,-64,-127,-127,-127,-127,-127,-127,-127,-127,-127,-127,-127,-127,-127,-127,-127,-127,-127,-45,-46,-127,-127,-127,-127,-127,-127,-127,-127,-127,-127,-127,-127,-127,-127,-127,-127,-127,-127,-127,-127,-127,-127,-127,-127,-127,23
-73,-127,-127,-127,-127,-127,-127,-127,-67,-127,-127,-127,-127,-127,-127,-68,-66,-127,-127,-127,-127,-127,-127,-127,-127,-127,-127,-127,-127,-127,-127,-52,-127,-127,-127,-127,-127,-127,-127,-127,-127,-127,-127,-127,-127,-127,-127,-127,-52,-127,-127,-127,-127,-127,-127,-127,-127,-127,-51,-127,-127,-127,-127,-127,-127,-127,-127,-127,-127,-127,-127,-127,-127,-127,-127,-127,-67,-66,-127,-127,-73,-127,-127,-127,-73,-127,-127,-127,-127,-127,-127,-127,-127,-127,-127,-127,-127,-127,-127,-127,-127,-127,-127,22
-127,-127,-127,-127,-127,-127,-127,-70,-63,-127,-127,-127,-127,-127,-127,-127,-57,-127,-127,-127,-127,-127,-127,-127,-127,-127,-127,-127,-127,-127,-127,-64,-127,-127,-127,-127,-127,-127,-127,-127,-127,-127,-127,-127,-127,-127,-127,-127,-63,-127,-127,-127,-127,-127,-127,-127,-127,-127,-64,-127,-127,-127,-127,-127,-127,-127,-127,-127,-127,-127,-127,-127,-127,-127,-127,-127,-59,-58,-127,-127,-73,-127,-127,-127,-72,-72,-127,-127,-127,-127,-127,-127,-127,-127,-127,-127,-127,-127,-127,-127,-127,-127,-127,21
-127,-127,-127,-127,-127,-127,-127,-127,-127,-127,-127,-127,-127,-127,-127,-127,-127,-127,-62,-59,-59,-59,-64,-62,-127,-127,-127,-127,-127,-127,-127,-73,-127,-127,-127,-127,-127,-127,-127,-127,-127,-127,-127,-127,-127,-127,-127,-127,-73,-127,-127,-127,-127,-127,-127,-127,-127,-127,-72,-127,-77,-127,-89,-127,-127,-127,-127,-127,-127,-127,-127,-127,-127,-127,-127,-127,-127,-127,-127,-127,-127,-127,-127,-127,-127,-127,-127,-127,-127,-127,-127,-127,-127,-127,-127,-127,-127,-127,-127,-127,-127,-127,-127,7
-56,-54,-54,-38,-33,-34,-127,-127,-127,-127,-127,-127,-127,-127,-127,-127,-127,-127,-127,-127,-127,-127,-127,-127,-127,-127,-127,-127,-127,-127,-127,-127,-127,-127,-127,-127,-127,-127,-127,-127,-127,-127,-127,-127,-127,-127,-127,-127,-127,-127,-127,-127,-127,-127,-127,-127,-127,-127,-127,-127,-127,-127,-127,-127,-127,-127,-127,-127,-127,-127,-127,-127,-127,-127,-127,-127,-127,-127,-127,-127,-127,-127,-127,-127,-127,-127,-127,-127,-127,-127,-127,-127,-127,-127,-127,-127,-127,-127,-127,-127,-127,-127,-127,38
-55,-127,-127,-54,-55,-55,-74,-127,-74,-127,-75,-71,-75,-127,-75,-74,-127,-127,-127,-127,-127,-127,-127,-127,-127,-127,-127,-127,-127,-127,-127,-127,-127,-127,-127,-127,-127,-127,-127,-127,-127,-127,-127,-127,-127,-127,-127,-127,-127,-127,-127,-127,-127,-127,-127,-127,-127,-127,-127,-127,-127,-127,-127,-127,-127,-127,-127,-127,-127,-127,-127,-127,-127,-127,-127,-127,-127,-127,-127,-127,-127,-127,-127,-127,-127,-127,-127,-127,-127,-127,-127,-127,-127,-127,-127,-127,-127,-127,-127,-127,-127,-127,-127,34
-53,-127,-127,-39,-40,-44,-73,-127,-71,-127,-127,-73,-73,-127,-72,-72,-127,-127,-127,-71,-127,-127,-127,-127,-127,-127,-127,-127,-127,-127,-127,-127,-127,-127,-127,-127,-127,-127,-127,-127,-127,-127,-127,-127,-127,-127,-127,-127,-127,-127,-127,-127,-127,-127,-127,-127,-127,-127,-127,-127,-127,-127,-127,-127,-127,-127,-127,-127,-127,-127,-127,-127,-127,-127,-127,-127,-127,-127,-127,-127,-127,-127,-127,-127,-127,-127,-127,-127,-127,-127,-127,-127,-127,-127,-127,-127,-127,-127,-127,-127,-127,-127,-127,35
-127,-127,-127,-61,-61,-62,-127,-73,-127,-127,-72,-127,-127,-127,-127,-127,-127,-127,-72,-66,-127,-67,-71,-70,-127,-127,-127,-127,-127,-127,-127,-127,-127,-127,-127,-127,-127,-127,-127,-127,-127,-127,-127,-127,-127,-127,-127,-127,-127,-127,-127,-127,-127,-127,-127,-127,-127,-127,-127,-127,-127,-127,-127,-127,-127,-127,-127,-127,-127,-127,-127,-127,-127,-127,-127,-127,-127,-127,-127,-127,-127,-127,-127,-127,-127,-127,-127,-127,-127,-127,-127,-127,-127,-127,-127,-127,-127,-127,-127,-127,-127,-127,-127,5
-54,-54,-54,-45,-45,-44,-74,-127,-127,-127,-127,-73,-74,-127,-127,-127,-127,-127,-127,-127,-127,-127,-127,-127,-127,-127,-127,-127,-127,-127,-127,-127,-127,-127,-127,-127,-127,-127,-127,-127,-127,-127,-127,-127,-127,-127,-127,-127,-127,-127,-127,-127,-127,-127,-127,-127,-127,-127,-127,-127,-127,-127,-127,-127,-127,-127,-127,-127,-127,-127,-127,-127,-127,-127,-127,-127,-127,-127,-127,-127,-127,-127,-127,-127,-127,-127,-127,-127,-127,-127,-127,-127,-127,-127,-127,-127,-127,-127,-127,-127,-127,-127,-127,37
-127,-127,-127,-60,-59,-58,-127,-61,-127,-61,-59,-127,-127,-127,-127,-127,-127,-127,-127,-64,-64,-64,-127,-127,-127,-127,-127,-127,-127,-127,-127,-127,-127,-127,-127,-127,-127,-127,-127,-127,-127,-127,-127,-127,-127,-127,-127,-127,-127,-127,-127,-127,-127,-127,-127,-127,-127,-127,-127,-127,-127,-127,-127,-127,-127,-127,-127,-127,-127,-127,-127,-127,-127,-127,-127,-127,-127,-127,-127,-127,-127,-127,-127,-127,-127,-127,-127,-127,-127,-127,-127,-127,-127,-127,-127,-127,-127,-127,-127,-127,-127,-127,-127,4
-127,-127,-127,-54,-52,-52,-67,-127,-70,-127,-76,-66,-66,-127,-69,-72,-127,-127,-127,-127,-127,-127,-127,-127,-127,-127,-127,-127,-127,-127,-127,-127,-127,-127,-127,-127,-127,-127,-127,-127,-127,-127,-127,-127,-127,-127,-127,-127,-127,-127,-127,-127,-127,-127,-127,-127,-127,-127,-127,-127,-127,-127,-127,-127,-127,-127,-127,-127,-127,-127,-127,-127,-127,-127,-127,-127,-127,-127,-127,-127,-127,-127,-127,-127,-127,-127,-127,-127,-127,-127,-127,-127,-127,-127,-127,-127,-127,-127,-127,-127,-127,-127,-127,35
-66,-127,-127,-49,-51,-51,-127,-127,-127,-65,-66,-127,-127,-127,-127,-127,-127,-127,-127,-65,-66,-64,-127,-127,-127,-127,-127,-127,-127,-127,-127,-127,-127,-127,-127,-127,-127,-127,-127,-127,-127,-127,-127,-127,-127,-127,-127,-127,-127,-127,-127,-127,-127,-127,-127,-127,-127,-127,-127,-127,-127,-127,-127,-127,-127,-127,-127,-127,-127,-127,-127,-127,-127,-127,-127,-127,-127,-127,-127,-127,-127,-127,-127,-127,-127,-127,-127,-127,-127,-127,-127,-127,-127,-127,-127,-127,-127,-127,-127,-127,-127,-127,-127,39
-52,-52,-52,-34,-33,-32,-127,-74,-127,-73,-127,-127,-127,-127,-127,-127,-127,-127,-127,-127,-127,-70,-127,-127,-127,-127,-127,-127,-127,-127,-127,-127,-127,-127,-127,-127,-127,-127,-127,-127,-127,-127,-127,-127,-127,-127,-127,-127,-127,-127,-127,-127,-127,-127,-127,-127,-127,-127,-127,-127,-127,-127,-127,-127,-127,-127,-127,-127,-127,-127,-127,-127,-127,-127,-127,-127,-127,-127,-127,-127,-127,-127,-127,-127,-127,-127,-127,-127,-127,-127,-127,-127,-127,-127,-127,-127,-127,-127,-127,-127,-127,-127,-127,38
-127,-127,-127,-65,-61,-69,-127,-51,-127,-57,-51,-127,-127,-127,-127,-127,-127,-127,-70,-61,-127,-64,-69,-68,-127,-127,-127,-127,-127,-127,-127,-127,-127,-127,-127,-127,-127,-127,-127,-127,-127,-127,-127,-127,-127,-127,-127,-127,-127,-127,-127,-127,-127,-127,-127,-127,-127,-127,-127,-127,-127,-127,-127,-127,-127,-127,-127,-127,-127,-127,-127,-127,-127,-127,-127,-127,-127,-127,-127,-127,-127,-127,-127,-127,-127,-127,-127,-127,-127,-127,-127,-127,-127,-127,-127,-127,-127,-127,-127,-127,-127,-127,-127,4
-127,-127,-127,-55,-56,-57,-127,-76,-127,-75,-74,-127,-127,-71,-127,-127,-127,-70,-127,-127,-127,-127,-127,-127,-127,-127,-127,-127,-127,-127,-70,-127,-127,-127,-127,-127,-127,-127,-127,-127,-127,-127,-127,-127,-127,-127,-127,-127,-127,-127,-127,-127,-127,-127,-127,-127,-127,-127,-127,-127,-127,-127,-127,-127,-127,-127,-127,-127,-127,-127,-127,-127,-127,-127,-127,-127,-127,-127,-127,-127,-127,-127,-127,-127,-127,-127,-127,-127,-127,-127,-127,-127,-127,-127,-127,-127,-127,-127,-127,-127,-127,-127,-127,41
-127,-127,-127,-127,-72,-75,-127,-66,-127,-59,-66,-127,-127,-127,-127,-127,-127,-127,-127,-127,-127,-127,-67,-67,-127,-127,-127,-127,-127,-127,-127,-127,-127,-127,-127,-127,-127,-127,-127,-127,-127,-127,-127,-127,-127,-127,-127,-127,-127,-127,-127,-127,-127,-127,-127,-127,-80,-127,-127,-127,-127,-127,-127,-127,-127,-127,-127,-76,-75,-127,-127,-127,-127,-127,-127,-127,-127,-127,-127,-127,-127,-127,-127,-127,-127,-127,-127,-127,-127,-127,-127,-127,-127,-127,-127,-127,-127,-127,-127,-127,-127,-127,-127,9
-127,-127,-127,-57,-57,-55,-127,-127,-127,-71,-127,-127,-127,-127,-63,-68,-127,-127,-127,-127,-127,-127,-127,-127,-127,-127,-127,-127,-127,-127,-127,-56,-127,-127,-127,-127,-127,-127,-127,-127,-127,-127,-127,-127,-127,-127,-127,-127,-59,-127,-127,-127,-127,-127,-127,-127,-127,-127,-57,-127,-127,-127,-127,-127,-127,-127,-127,-127,-127,-127,-127,-127,-127,-127,-127,-127,-127,-127,-127,-127,-127,-127,-127,-127,-127,-73,-127,-127,-127,-127,-127,-127,-127,-127,-127,-127,-127,-127,-127,-127,-127,-127,-127,28
-127,-127,-127,-127,-127,-127,-127,-127,-127,-127,-127,-127,-127,-127,-127,-127,-127,-127,-65,-79,-127,-127,-64,-66,-127,-127,-73,-127,-127,-127,-127,-46,-127,-127,-127,-127,-127,-127,-127,-127,-127,-127,-127,-127,-127,-127,-127,-127,-47,-127,-127,-127,-127,-127,-127,-127,-127,-127,-46,-127,-127,-127,-127,-127,-71,-127,-127,-127,-127,-127,-127,-127,-127,-127,-127,-127,-127,-127,-127,-127,-127,-127,-81,-127,-127,-127,-127,-127,-127,-127,-127,-127,-127,-127,-127,-127,-127,-127,-127,-127,-127,-127,-127,18
-49,-49,-48,-32,-32,-32,-127,-127,-127,-127,-127,-127,-127,-127,-127,-127,-127,-127,-127,-71,-127,-70,-127,-127,-127,-127,-127,-127,-127,-127,-127,-127,-127,-127,-127,-127,-127,-127,-127,-127,-127,-127,-127,-127,-127,-127,-127,-127,-127,-127,-127,-127,-127,-127,-127,-127,-127,-127,-127,-127,-127,-127,-127,-127,-127,-127,-127,-127,-127,-127,-127,-127,-127,-127,-127,-127,-127,-127,-127,-127,-127,-127,-127,-127,-127,-127,-127,-127,-127,-127,-127,-127,-127,-127,-127,-127,-127,-127,-127,-127,-127,-127,-127,37
-62,-62,-63,-127,-127,-127,-127,-127,-127,-127,-127,-127,-127,-127,-127,-127,-63,-127,-127,-127,-127,-127,-127,-127,-127,-127,-127,-127,-127,-127,-127,-72,-127,-127,-127,-127,-127,-127,-127,-127,-127,-127,-127,-127,-127,-127,-127,-127,-70,-127,-127,-127,-127,-127,-127,-127,-127,-127,-72,-127,-127,-127,-127,-127,-127,-127,-127,-127,-127,-127,-127,-127,-127,-127,-127,-127,-62,-62,-127,-127,-70,-127,-127,-127,-70,-73,-127,-127,-127,-127,-127,-127,-127,-127,-127,-127,-127,-127,-127,-127,-127,-127,-127,25
-127,-49,-51,-53,-52,-54,-69,-72,-127,-72,-74,-70,-69,-127,-127,-127,-127,-127,-127,-127,-127,-127,-127,-127,-127,-127,-127,-127,-127,-127,-77,-127,-127,-127,-127,-127,-127,-127,-127,-127,-127,-127,-127,-127,-127,-127,-127,-127,-127,-127,-127,-127,-127,-127,-127,-127,-127,-127,-127,-127,-127,-127,-127,-127,-127,-127,-127,-127,-127,-127,-127,-127,-127,-127,-127,-127,-127,-127,-127,-127,-127,-127,-127,-127,-127,-127,-127,-127,-127,-127,-127,-127,-127,-127,-127,-127,-127,-127,-127,-127,-127,-127,-127,32
-127,-127,-127,-52,-56,-57,-127,-69,-127,-66,-69,-127,-127,-127,-127,-127,-127,-127,-74,-127,-66,-67,-73,-73,-127,-127,-127,-127,-127,-127,-127,-127,-127,-127,-127,-127,-127,-127,-127,-127,-127,-127,-127,-127,-127,-127,-127,-127,-127,-127,-127,-127,-127,-127,-127,-127,-127,-127,-127,-127,-127,-127,-127,-127,-127,-127,-127,-127,-127,-127,-127,-127,-127,-127,-127,-127,-127,-127,-127,-127,-127,-127,-127,-127,-127,-127,-127,-127,-127,-127,-127,-127,-127,-127,-127,-127,-127,-127,-127,-127,-127,-127,-127,2
-127,-127,-127,-127,-127,-71,-127,-127,-127,-127,-127,-127,-127,-127,-127,-127,-127,-127,-64,-127,-127,-127,-64,-64,-127,-72,-127,-127,-127,-127,-127,-47,-127,-127,-127,-127,-127,-127,-127,-127,-127,-127,-127,-127,-127,-127,-127,-127,-47,-127,-127,-127,-127,-127,-127,-127,-127,-127,-48,-127,-127,-127,-127,-127,-73,-127,-127,-127,-127,-127,-127,-127,-127,-127,-127,-127,-127,-127,-127,-127,-127,-127,-127,-127,-127,-127,-127,-127,-127,-127,-127,-127,-127,-127,-127,-127,-127,-127,-127,-127,-127,-127,-127,18
-127,-127,-127,-64,-63,-60,-127,-68,-127,-66,-73,-127,-127,-127,-127,-127,-127,-127,-64,-127,-127,-127,-64,-63,-127,-127,-127,-127,-127,-127,-127,-70,-127,-127,-127,-127,-127,-127,-127,-127,-127,-127,-127,-127,-127,-127,-127,-127,-68,-127,-127,-127,-127,-127,-127,-127,-127,-127,-70,-127,-127,-127,-127,-127,-127,-127,-127,-127,-127,-127,-127,-127,-127,-127,-127,-127,-127,-127,-127,-127,-127,-127,-127,-127,-127,-127,-127,-127,-127,-127,-127,-127,-127,-127,-127,-127,-127,-127,-127,-127,-127,-127,-127,6
-68,-67,-67,-57,-56,-55,-127,-75,-127,-127,-74,-127,-127,-69,-127,-127,-127,-71,-127,-127,-127,-127,-127,-127,-127,-127,-127,-127,-127,-127,-70,-127,-127,-127,-127,-127,-127,-127,-127,-127,-127,-127,-127,-127,-127,-127,-127,-127,-127,-127,-127,-127,-127,-127,-127,-127,-127,-127,-127,-127,-127,-127,-127,-127,-127,-127,-127,-127,-127,-127,-127,-127,-127,-127,-127,-127,-127,-127,-127,-127,-127,-127,-127,-127,-127,-127,-127,-127,-127,-127,-127,-127,-127,-127,-127,-127,-127,-127,-127,-127,-127,-127,-127,41
-127,-127,-127,-68,-70,-72,-127,-59,-127,-127,-58,-127,-127,-127,-127,-127,-127,-127,-70,-127,-127,-127,-71,-70,-127,-127,-127,-127,-127,-127,-127,-127,-127,-127,-127,-127,-127,-127,-127,-127,-127,-127,-127,-127,-127,-127,-127,-127,-127,-127,-127,-127,-127,-127,-127,-127,-127,-127,-127,-127,-127,-127,-127,-127,-127,-127,-73,-72,-75,-127,-127,-127,-127,-127,-127,-127,-127,-127,-127,-127,-127,-127,-127,-127,-127,-127,-127,-127,-127,-127,-127,-127,-127,-127,-127,-127,-127,-127,-127,-127,-127,-127,-127,9
-127,-127,-127,-127,-127,-127,-127,-127,-127,-127,-127,-127,-127,-127,-127,-127,-127,-127,-127,-127,-127,-127,-127,-127,-127,-127,-127,-127,-127,-127,-127,-61,-127,-127,-127,-127,-127,-127,-127,-127,-127,-127,-127,-127,-127,-127,-127,-127,-61,-127,-127,-127,-127,-127,-127,-127,-127,-127,-63,-127,-127,-127,-127,-127,-127,-127,-127,-127,-127,-127,-127,-127,-127,-127,-127,-127,-65,-65,-127,-127,-65,-70,-71,-127,-66,-67,-71,-127,-127,-127,-127,-127,-127,-127,-127,-127,-127,-127,-127,-127,-127,-127,-127,22
-127,-127,-127,-127,-69,-68,-127,-127,-64,-127,-127,-127,-127,-127,-63,-127,-55,-127,-127,-127,-127,-127,-127,-127,-127,-127,-127,-127,-127,-127,-127,-69,-127,-127,-127,-127,-127,-127,-127,-127,-127,-127,-127,-127,-127,-127,-127,-127,-127,-127,-127,-127,-127,-127,-127,-127,-127,-127,-127,-127,-127,-127,-127,-127,-127,-127,-127,-127,-127,-127,-127,-127,-127,-127,-127,-127,-56,-56,-127,-127,-127,-127,-127,-127,-69,-68,-127,-127,-127,-127,-127,-127,-127,-127,-127,-127,-127,-127,-127,-127,-127,-127,-127,26
-58,-57,-58,-49,-51,-49,-127,-58,-127,-59,-58,-127,-127,-127,-127,-127,-127,-127,-127,-127,-127,-127,-127,-127,-127,-127,-127,-127,-127,-127,-127,-127,-127,-127,-127,-127,-127,-127,-127,-127,-127,-127,-127,-127,-127,-127,-127,-127,-127,-127,-127,-127,-127,-127,-127,-127,-127,-127,-127,-127,-127,-127,-127,-127,-127,-127,-127,-127,-127,-127,-127,-127,-127,-127,-127,-127,-127,-127,-127,-127,-127,-127,-127,-127,-127,-127,-127,-127,-127,-127,-127,-127,-127,-127,-127,-127,-127,-127,-127,-127,-127,-127,-127,1
-71,-72,-70,-127,-127,-127,-127,-127,-127,-127,-127,-127,-127,-127,-127,-127,-57,-127,-127,-127,-127,-127,-127,-127,-127,-127,-127,-127,-127,-127,-127,-73,-127,-127,-127,-127,-127,-127,-127,-127,-127,-127,-127,-127,-127,-127,-127,-127,-60,-127,-127,-127,-127,-127,-127,-127,-127,-127,-61,-127,-127,-127,-127,-127,-127,-127,-127,-127,-127,-127,-127,-127,-127,-127,-127,-127,-58,-57,-127,-127,-74,-127,-127,-127,-70,-72,-127,-127,-127,-127,-127,-127,-127,-127,-127,-127,-127,-127,-127,-127,-127,-127,-127,24
-70,-127,-69,-127,-127,-127,-127,-127,-127,-127,-127,-127,-127,-127,-127,-127,-58,-127,-82,-127,-127,-127,-127,-127,-127,-127,-127,-127,-127,-127,-127,-64,-127,-127,-127,-127,-127,-127,-127,-127,-127,-127,-127,-127,-127,-127,-127,-127,-63,-127,-127,-127,-127,-127,-127,-127,-127,-127,-63,-127,-127,-127,-127,-127,-127,-127,-127,-127,-127,-127,-127,-127,-127,-127,-127,-127,-58,-59,-127,-127,-70,-127,-127,-127,-71,-72,-127,-127,-127,-127,-127,-127,-127,-127,-127,-127,-127,-127,-127,-127,-127,-127,-127,22
-127,-127,-127,-127,-127,-127,-127,-49,-72,-50,-48,-127,-127,-127,-71,-127,-127,-127,-127,-127,-127,-127,-64,-127,-127,-127,-127,-127,-127,-127,-127,-67,-127,-127,-127,-127,-127,-127,-127,-127,-127,-127,-127,-127,-127,-127,-127,-127,-67,-127,-127,-127,-127,-127,-127,-127,-127,-127,-68,-127,-127,-127,-127,-127,-127,-127,-127,-127,-127,-127,-127,-127,-127,-127,-127,-127,-127,-127,-127,-127,-127,-127,-127,-127,-127,-127,-127,-127,-127,-127,-127,-127,-127,-127,-127,-127,-127,-127,-127,-127,-127,-127,-127,11
-127,-127,-127,-127,-70,-127,-127,-127,-61,-127,-127,-127,-127,-127,-60,-63,-127,-127,-127,-127,-127,-127,-127,-127,-127,-127,-127,-127,-127,-127,-127,-63,-127,-127,-127,-127,-127,-127,-127,-127,-127,-127,-127,-127,-127,-127,-127,-127,-68,-127,-127,-127,-127,-127,-127,-127,-127,-127,-127,-127,-127,-127,-127,-127,-127,-127,-127,-127,-127,-127,-127,-127,-127,-127,-127,-127,-127,-127,-127,-127,-127,-127,-127,-127,-69,-70,-127,-127,-127,-127,-127,-127,-127,-127,-127,-127,-127,-127,-127,-127,-127,-127,-127,26
-127,-127,-127,-127,-127,-127,-127,-127,-127,-127,-127,-127,-127,-127,-127,-127,-68,-127,-72,-127,-127,-127,-74,-72,-127,-127,-127,-127,-127,-127,-127,-62,-127,-127,-127,-127,-127,-127,-127,-127,-127,-127,-127,-127,-127,-127,-127,-127,-60,-127,-127,-127,-127,-127,-127,-127,-127,-127,-61,-127,-127,-127,-127,-127,-127,-127,-127,-127,-127,-127,-127,-127,-127,-127,-127,-127,-69,-69,-127,-127,-71,-127,-72,-127,-127,-72,-127,-127,-127,-127,-127,-127,-127,-127,-127,-127,-127,-127,-127,-127,-127,-127,-127,21
-127,-127,-57,-64,-66,-64,-127,-127,-65,-75,-127,-76,-127,-127,-67,-65,-127,-127,-127,-127,-127,-127,-127,-127,-127,-127,-127,-127,-127,-127,-127,-127,-127,-127,-127,-127,-127,-127,-127,-127,-127,-127,-127,-127,-127,-127,-127,-127,-127,-127,-127,-127,-127,-127,-127,-127,-127,-127,-127,-127,-127,-127,-127,-127,-127,-127,-127,-127,-127,-127,-127,-127,-127,-127,-127,-127,-127,-127,-127,-127,-127,-127,-127,-127,-127,-127,-127,-127,-127,-127,-127,-127,-127,-127,-127,-127,-127,-127,-127,-127,-127,-127,-127,29
-127,-127,-127,-127,-127,-67,-127,-127,-127,-127,-127,-127,-127,-127,-127,-127,-127,-127,-57,-67,-127,-66,-57,-58,-127,-127,-127,-127,-127,-127,-127,-56,-127,-127,-127,-127,-127,-127,-127,-127,-127,-127,-127,-127,-127,-127,-127,-127,-56,-127,-127,-127,-127,-127,-127,-127,-127,-127,-56,-127,-127,-127,-127,-127,-127,-127,-127,-127,-127,-127,-127,-127,-127,-127,-127,-127,-79,-127,-127,-127,-127,-127,-127,-127,-127,-127,-127,-127,-127,-127,-127,-127,-127,-127,-127,-127,-127,-127,-127,-127,-127,-127,-127,18
-127,-127,-127,-52,-53,-52,-127,-65,-127,-64,-63,-67,-70,-127,-69,-71,-69,-127,-127,-127,-127,-127,-127,-127,-127,-127,-127,-127,-127,-127,-127,-127,-127,-127,-127,-127,-127,-127,-127,-127,-127,-127,-127,-127,-127,-127,-127,-127,-127,-127,-127,-127,-127,-127,-127,-127,-127,-127,-127,-127,-127,-127,-127,-127,-127,-127,-127,-127,-127,-127,-127,-127,-127,-127,-127,-127,-127,-69,-127,-127,-127,-127,-127,-127,-127,-127,-127,-127,-127,-127,-127,-127,-127,-127,-127,-127,-127,-127,-127,-127,-127,-127,-127,30
-68,-127,-68,-49,-49,-48,-127,-67,-127,-66,-66,-127,-127,-127,-127,-127,-127,-127,-127,-127,-127,-127,-127,-127,-127,-127,-127,-127,-127,-127,-127,-127,-127,-127,-127,-127,-127,-127,-127,-127,-127,-127,-127,-127,-127,-127,-127,-127,-127,-127,-127,-127,-127,-127,-127,-127,-127,-127,-127,-127,-127,-127,-127,-127,-127,-127,-127,-127,-127,-127,-127,-127,-127,-127,-127,-127,-127,-127,-127,-127,-127,-127,-127,-127,-127,-127,-127,-127,-127,-127,-127,-127,-127,-127,-127,-127,-127,-127,-127,-127,-127,-127,-127,1
-127,-127,-127,-127,-127,-127,-127,-127,-127,-127,-127,-127,-127,-127,-127,-127,-67,-127,-73,-127,-127,-127,-76,-127,-127,-127,-127,-127,-127,-127,-127,-62,-127,-127,-127,-127,-127,-127,-127,-127,-127,-127,-127,-127,-127,-127,-127,-127,-61,-127,-127,-127,-127,-127,-127,-127,-127,-127,-63,-127,-127,-127,-127,-127,-127,-127,-127,-127,-127,-127,-127,-127,-127,-127,-127,-127,-66,-66,-127,-127,-70,-127,-127,-127,-71,-71,-127,-127,-127,-127,-127,-127,-127,-127,-127,-127,-127,-127,-127,-127,-127,-127,-127,21
-70,-68,-127,-35,-37,-38,-74,-127,-127,-127,-127,-127,-71,-127,-127,-127,-127,-127,-127,-127,-127,-127,-127,-127,-127,-127,-127,-127,-127,-127,-127,-127,-127,-127,-127,-127,-127,-127,-127,-127,-127,-127,-127,-127,-127,-127,-127,-127,-127,-127,-127,-127,-127,-127,-127,-127,-127,-127,-127,-127,-127,-127,-127,-127,-127,-127,-127,-127,-127,-127,-127,-127,-127,-127,-127,-127,-127,-127,-127,-127,-127,-127,-127,-127,-127,-127,-127,-127,-127,-127,-127,-127,-127,-127,-127,-127,-127,-127,-127,-127,-127,-127,-127,39
-59,-60,-127,-45,-45,-45,-127,-127,-71,-127,-127,-127,-127,-127,-69,-69,-127,-127,-127,-127,-127,-127,-127,-127,-127,-127,-127,-127,-127,-127,-127,-127,-127,-127,-127,-127,-127,-127,-127,-127,-127,-127,-127,-127,-127,-127,-127,-127,-127,-127,-127,-127,-127,-127,-127,-127,-127,-127,-127,-127,-127,-127,-127,-127,-127,-127,-127,-127,-127,-127,-127,-127,-127,-127,-127,-127,-127,-127,-127,-127,-127,-127,-127,-127,-127,-127,-127,-127,-127,-127,-127,-127,-127,-127,-127,-127,-127,-127,-127,-127,-127,-127,-127,36
